Input n, S= 10 Comparisons, CPU Time (s)10, S= 20 Comparisons, CPU Time (s)20, S= 30 Comparisons, CPU Time (s)30, S= 40 Comparisons, CPU Time (s)40, S= 50 Comparisons, CPU Time (s)50, S= 60 Comparisons, CPU Time (s)60, S= 70 Comparisons, CPU Time (s)70, S= 80 Comparisons, CPU Time (s)80, S= 90 Comparisons, CPU Time (s)90, S= 100 Comparisons, CPU Time (s)100
10000,127103,0.001420,143749,0.001500,143765,0.001277,184013,0.001328,184895,0.001332,184338,0.001437,183804,0.001336,273313,0.001530,269497,0.001749,270723,0.001881
100000,1557998,0.017868,1638426,0.017026,1862903,0.016626,1862949,0.016646,2382763,0.017989,2383237,0.017984,2383606,0.017458,2381530,0.017747,2385719,0.017943,3508180,0.021188
1000000,19072736,0.209401,20221345,0.206597,21595950,0.208007,23184643,0.208651,23184678,0.208308,23186051,0.206686,29889768,0.223906,29906649,0.224471,29903259,0.226035,29882673,0.228552
10000000,226408362,2.461975,242302790,2.448399,242316044,2.470017,281284104,2.505115,281260333,2.508576,281229937,2.518516,281246785,2.516503,367371768,2.745824,367347263,2.738357,367374565,2.756564
