Input n,Comparisons,CPU Time (s)
1000,13110,0.000299
5000,66611,0.001593
10000,143173,0.002822
50000,880215,0.014396
100000,1864292,0.023026
500000,11095339,0.097938
1000000,23184683,0.205981
5000000,116162054,1.151683
10000000,242311736,2.418883
