Input n,Comparisons,CPU Time (s)
1000,13758,0.000348
5000,67036,0.001700
10000,143434,0.003960
50000,879768,0.015396
100000,1862972,0.022863
500000,11095888,0.096587
1000000,23191039,0.208407
5000000,116154276,1.150490
10000000,242326633,2.422316
