S value,Comparisons,CPU Time (s)
10,19072096,0.209612
20,20227134,0.207087
30,21603324,0.206735
40,23189587,0.211200
50,23182069,0.211562
60,23173052,0.211388
70,29905005,0.226151
80,29906741,0.225238
90,29893935,0.226796
100,29909176,0.227123
