S value,Comparisons,CPU Time (s)
10,19071084,0.207390
20,20222374,0.206866
30,21603823,0.206706
40,23197085,0.207138
50,23183340,0.211441
60,23188715,0.210274
70,29905642,0.223133
80,29895353,0.223565
90,29902785,0.222767
100,29886869,0.222522
