Input n, S = 10 Comparisons, CPU Time (s) for S = 10, S = 20 Comparisons, CPU Time (s) for S = 20, S = 30 Comparisons, CPU Time (s) for S = 30, S = 40 Comparisons, CPU Time (s) for S = 40, S = 50 Comparisons, CPU Time (s) for S = 50, S = 60 Comparisons, CPU Time (s) for S = 60, S = 70 Comparisons, CPU Time (s) for S = 70, S = 80 Comparisons, CPU Time (s) for S = 80, S = 90 Comparisons, CPU Time (s) for S = 90, S = 100 Comparisons, CPU Time (s) for S = 100
10000,127001,0.001410,144294,0.001410,143314,0.001318,183450,0.001332,182331,0.001330,184380,0.001497,182905,0.001453,270769,0.001529,271964,0.001528,270635,0.001552
100000,1558010,0.017833,1640627,0.017005,1861958,0.017170,1860694,0.017284,2383287,0.018259,2387030,0.018145,2383978,0.018202,2387803,0.018250,2380417,0.017329,3504426,0.020885
1000000,19071848,0.206404,20226565,0.208218,21598114,0.209079,23195421,0.209129,23183010,0.206967,23182767,0.206661,29895439,0.225289,29883618,0.226946,29899871,0.225802,29901909,0.225857
10000000,226418964,2.467690,242318031,2.452217,242299487,2.454538,281251523,2.502833,281262950,2.513260,281253092,2.518900,281223696,2.505779,367392280,2.731203,367330402,2.730516,367318883,2.756510
