Input n,Comparisons,CPU Time (s)
1000,13426,0.000259
5000,66639,0.001840
10000,143193,0.002913
50000,880705,0.015284
100000,1863389,0.023544
500000,11091483,0.097301
1000000,23190156,0.205986
5000000,116157403,1.153233
10000000,242305535,2.419399
