S value,Comparisons,CPU Time (s)
10,19075136,0.209354
20,20226415,0.206586
30,21598824,0.209767
40,23188522,0.207753
50,23185185,0.212835
60,23186352,0.209104
70,29912267,0.227036
80,29901207,0.227229
90,29907031,0.222298
100,29905018,0.223922
