Input n, S = 10 Comparisons, CPU Time (s) for S = 10, S = 20 Comparisons, CPU Time (s) for S = 20, S = 30 Comparisons, CPU Time (s) for S = 30, S = 40 Comparisons, CPU Time (s) for S = 40, S = 50 Comparisons, CPU Time (s) for S = 50, S = 60 Comparisons, CPU Time (s) for S = 60, S = 70 Comparisons, CPU Time (s) for S = 70, S = 80 Comparisons, CPU Time (s) for S = 80, S = 90 Comparisons, CPU Time (s) for S = 90, S = 100 Comparisons, CPU Time (s) for S = 100
10000,127292,0.001382,143493,0.001398,143303,0.001292,184284,0.001370,184119,0.001338,183247,0.001377,184092,0.001487,272100,0.001597,270919,0.001529,271349,0.001523
100000,1558605,0.017769,1640047,0.017560,1860868,0.017526,1861010,0.017444,2382528,0.018361,2383152,0.018095,2378172,0.018306,2381878,0.018301,2379658,0.018274,3508977,0.021483
1000000,19071500,0.209575,20226296,0.209408,21602965,0.207592,23185235,0.208882,23189386,0.207907,23185606,0.208756,29898854,0.225329,29902465,0.227140,29875669,0.223870,29912652,0.223947
10000000,226417644,2.477678,242312098,2.460063,242333014,2.452052,281249056,2.514294,281263064,2.520597,281225417,2.514720,281284693,2.527787,367280504,2.751570,367352192,2.755861,367330394,2.762369
