V,E_dense,Time_B_Dense_ms,E_sparse,Time_B_Sparse_ms
100,4950,0.524667,470,0.194736
200,19900,1.11732,977,0.256694
400,79800,1.99975,1979,0.401514
800,319600,5.40221,3967,0.663181
1600,1279200,18.7773,7971,1.40724
3200,5118400,70.8364,15981,2.98239
6400,20476800,271.2,31969,6.41374
12800,81913600,1077.39,63976,13.6291
