V,E_dense,Time_B_Dense_ms,E_sparse,Time_B_Sparse_ms
100,4950,0.589445,470,0.268278
200,19900,1.09997,977,0.279264
500,124750,3.0039,2476,0.468653
1000,499500,8.63936,4971,0.932056
2000,1999000,30.9536,9974,1.9649
3000,4498500,66.1308,14976,3.15208
5000,12497500,175.467,24973,5.27047
