V,E_dense,Time_A_Dense_ms,E_sparse,Time_A_Sparse_ms
100,4950,0.970555,470,0.647986
200,19900,1.87707,977,1.41589
400,79800,4.20836,1979,4.12206
800,319600,14.2157,3967,13.4429
1600,1279200,49.2134,7971,53.6648
3200,5118400,209.983,15981,216.586
6400,20476800,935.905,31969,867.536
12800,81913600,3319.77,63976,3559.12
