V,E_dense,Time_A_Dense_ms,E_sparse,Time_A_Sparse_ms
100,4950,0.793236,470,0.655542
200,19900,1.85144,977,1.51678
400,79800,4.64857,1979,4.08038
800,319600,14.2972,3967,13.5186
1600,1279200,50.1803,7971,54.7384
3200,5118400,211.38,15981,220.764
6400,20476800,954.612,31969,885.422
12800,81913600,3398.43,63976,3677.98
